Name,sample_id
Mass (mg),1.38
Magnetic Field (Oe),99.8893203735352
Temperature (K),

[DATA]
Temperature (K),Magnetic Moment (emu/g)
309.991149902344,0.14097860565405798
309.991394042969,0.14097866181855073
309.990051269531,0.14099603387297102
309.984741210937,0.14097775895753625
309.968734741211,0.14101774368731884
309.941787719727,0.141010408655
309.905822753906,0.14100187388152177
309.858123779297,0.140984214957029
309.801315307617,0.1410032728123913
309.739196777344,0.1410227786360145
309.663330078125,0.14105397865971014
309.582748413086,0.14104343859181162
309.492813110352,0.14109579217268117
309.402755737305,0.1411202346305797
309.293411254883,0.1411222866856522
309.192398071289,0.14114002934311595
309.086364746094,0.1411443495444203
308.970550537109,0.14120198817282612
308.860855102539,0.1412012749202174
308.734298706055,0.14121785254789856
308.593124389648,0.14125654843615942
308.457702636719,0.14129891062601452
308.302947998047,0.1413347941360145
308.177490234375,0.14138850256195654
308.027145385742,0.14135606593152175
307.867980957031,0.1414048218236232
307.704010009766,0.1414467645378261
307.548858642578,0.14152390639905799
307.382675170898,0.141520794902029
307.217864990234,0.14157894854014494
307.049118041992,0.14163175080971016
306.862258911133,0.14164474514318842
306.701568603516,0.1416999071834058
306.539169311523,0.14175504843036235
306.366561889648,0.14179453909413042
306.180725097656,0.14184549886507247
306.010467529297,0.1419178534756522
305.812545776367,0.14194807710978263
305.632843017578,0.1420081156204348
305.452743530273,0.14206372503608697
305.250366210937,0.14214593523318841
305.069076538086,0.14220986848876813
304.865844726562,0.14227939696101452
304.679168701172,0.1423480694265942
304.48307800293,0.14243057894536235
304.272064208984,0.14246624712913045
304.081466674805,0.14253829341934784
303.903137207031,0.14259840661971016
303.711196899414,0.14265560762347826
303.449432373047,0.14269772919166668
303.286743164063,0.14276745707731883
303.104187011719,0.1428424235778261
302.943481445313,0.14291030629637683
302.765914916992,0.1429367971303623
302.586715698242,0.14302340168152175
302.412933349609,0.14312414122123188
302.231658935547,0.14317067626934782
302.058563232422,0.1432125097696377
301.859008789063,0.1432879781484058
301.703048706055,0.14334024373739132
301.531936645508,0.1433779857218116
301.355102539063,0.1434420705412319
301.179992675781,0.14351731562130435
301.005554199219,0.14360331297615944
300.847274780273,0.14362778003971016
300.673477172852,0.14369811801514495
300.493988037109,0.1437650032768116
300.331390380859,0.143812929637029
300.142684936523,0.1438879744592029
299.981002807617,0.14395681502217395
299.812118530273,0.14400528057956521
299.644134521484,0.14409730254528988
299.476303100586,0.1441593437692754
299.304321289063,0.14422063946898553
299.125930786133,0.1442847364874638
298.962203979492,0.14434383222891306
298.79411315918,0.14440241700007247
298.626724243164,0.14447049064536233
298.468948364258,0.144540761515
298.269836425781,0.14457247614253624
298.118682861328,0.14464458076152176
297.9384765625,0.14465777282108697
297.772048950195,0.14472130859775365
297.622375488281,0.14473445789934786
297.466247558594,0.1448384558254348
297.305191040039,0.14486997524391307
297.153015136719,0.1449272122502174
297.004409790039,0.14497867687326088
296.842742919922,0.14504343693644928
296.693496704102,0.14507660908028985
296.544082641602,0.1451434058022464
296.38005065918,0.14516319933601451
296.245559692383,0.14523674916543478
296.089111328125,0.14526405032963768
295.917602539063,0.14531836343413043
295.759521484375,0.1453474132887681
295.615417480469,0.14538122302775364
295.441757202148,0.14544852663376812
295.294296264648,0.14551290939818842
295.131866455078,0.14555282199630437
294.982223510742,0.14559491605413044
294.822250366211,0.1455999093732609
294.639877319336,0.14558590102876812
294.51318359375,0.14563167874210148
294.360382080078,0.14564992606572466
294.201248168945,0.14573103552594202
294.04313659668,0.14576927372311593
293.884643554687,0.1458032352115942
293.724761962891,0.14585191498376812
293.573303222656,0.1458821516613044
293.411605834961,0.14593289904608694
293.245468139648,0.14597991332057972
293.09375,0.14602192055456523
292.938247680664,0.1460487220045652
292.783050537109,0.14609348270333333
292.630111694336,0.14612438849782608
292.476577758789,0.14615929621275361
292.317413330078,0.1461860171847826
292.15739440918,0.14623457392934783
291.997604370117,0.1462864354007971
291.844802856445,0.14632457710608698
291.687301635742,0.14636378814427536
291.524948120117,0.1464073698862319
291.365982055664,0.14646906638347829
291.198135375977,0.14649779605217392
291.050048828125,0.146568566474058
290.886978149414,0.14656616456427538
290.734512329102,0.14661274950586956
290.569381713867,0.1466421759288406
290.399658203125,0.14671159252050725
290.251373291016,0.14675678727318842
290.095428466797,0.1467916794656522
289.926712036133,0.14685104076855074
289.768478393555,0.14687703726956522
289.595962524414,0.14692855796797102
289.427703857422,0.14697803188811595
289.268966674805,0.14701004877550727
289.109802246094,0.14707627997355072
288.943603515625,0.14711517604043478
288.770538330078,0.14715582036971017
288.607376098633,0.14722424559036235
288.443023681641,0.147270584107029
288.282928466797,0.14730798176876814
288.116744995117,0.14733515584036233
287.942733764648,0.14736145781565219
287.780899047852,0.14741577434347827
287.586288452148,0.14743561202137684
287.455993652344,0.1475051435604348
287.282104492187,0.14752649490304348
287.129409790039,0.1475727713963768
286.944152832031,0.14763782051413044
286.789016723633,0.14765106111376813
286.59440612793,0.1477208960512319
286.436676025391,0.14773476034768118
286.252487182617,0.14777298485231885
286.07194519043,0.14786662125456523
285.924179077148,0.1479141598352174
285.762496948242,0.1479659122404348
285.586959838867,0.1479822362588406
285.436477661133,0.14803122437217392
285.259948730469,0.1480467238160145
285.114456176758,0.1481097740880435
284.923706054687,0.14815207848666667
284.769470214844,0.1482308274056522
284.601898193359,0.1482724617992754
284.438919067383,0.14834683848188407
284.275741577148,0.14837593711855074
284.107620239258,0.14844007169485507
283.93391418457,0.14845826805768117
283.778701782227,0.14852643302608695
283.61408996582,0.14855115217318843
283.442901611328,0.14861695922449278
283.275985717773,0.14865235645485508
283.104110717773,0.14869905545514495
282.94775390625,0.14878323014652176
282.778396606445,0.14881456072246377
282.612899780273,0.14883545226717393
282.444122314453,0.148868723992029
282.29216003418,0.14894548787934783
282.105087280273,0.1489848088058696
281.947250366211,0.14902580869014495
281.770095825195,0.14909351365108697
281.610229492187,0.1491473914218116
281.449905395508,0.14917736566
281.28141784668,0.14924250195405797
281.116653442383,0.14930571240007248
280.950042724609,0.14934235092811596
280.78938293457,0.14938753819478262
280.603240966797,0.14944922683050726
280.447906494141,0.14946008106753625
280.260391235352,0.14947401950949277
280.113739013672,0.14949618841688406
279.938217163086,0.1495543802168116
279.774978637695,0.14960264532905798
279.601196289062,0.14965525779268116
279.44499206543,0.1497060437581884
279.2841796875,0.14976829188826088
279.115798950195,0.14977559277985508
278.940979003906,0.14983432605152175
278.782150268555,0.14990311856978264
278.615097045898,0.14993128403318842
278.438705444336,0.15000496599500002
278.275299072266,0.15005639626369566
278.095947265625,0.1500999784114493
277.960739135742,0.1501281248866667
277.7744140625,0.15016948449347828
277.60546875,0.15023658379514493
277.438720703125,0.1503012919818116
277.2822265625,0.15033693643557972
277.106842041016,0.1503780304721739
276.946060180664,0.15041497936094203
276.772354125977,0.1504763052544203
276.609848022461,0.150492130271087
276.428802490234,0.15058717906775362
276.282272338867,0.1506523853632609
276.099334716797,0.15069834045797104
275.956344604492,0.15074823996826087
275.796859741211,0.1507865784480435
275.618530273438,0.1507991809305073
275.450347900391,0.15087530717637682
275.279251098633,0.15094783291152175
275.114868164062,0.15095535730811596
274.948348999023,0.15099280153688407
274.789077758789,0.1510391873148551
274.612716674805,0.1510762925132609
274.452758789062,0.1511386301230435
274.281982421875,0.1512090493612319
274.124786376953,0.15125222899572466
273.954513549805,0.1513271382912319
273.784393310547,0.15139167675427537
273.611312866211,0.15141423864956524
273.451797485352,0.15142968131471016
273.280639648438,0.15150816397094205
273.119400024414,0.15153015237376813
272.943359375,0.15154904258673915
272.765014648438,0.1516522767815942
272.568832397461,0.1516300580656522
272.418853759766,0.1516895393304348
272.253845214844,0.15175138254152176
272.092391967773,0.1517736496104348
271.922241210938,0.15182468726637682
271.750091552734,0.1518977391498551
271.587631225586,0.15192553231594205
271.421417236328,0.15194056034572465
271.266464233398,0.15200847888413044
271.105041503906,0.15209655777717393
270.922698974609,0.1521271946826087
270.758316040039,0.15219357600659422
270.572128295898,0.15217915355811595
270.423355102539,0.15224750907615942
270.25358581543,0.15228123109775363
270.102798461914,0.1522976058386232
269.923675537109,0.15232072376413044
269.755340576172,0.15241138600195653
269.595001220703,0.15246398847768117
269.427734375,0.15251254605905798
269.264190673828,0.1526091274173913
269.098266601562,0.15262889450289857
268.936920166016,0.1527139008664493
268.762405395508,0.1527143446354348
268.575790405273,0.15276090946797102
268.423980712891,0.15282548455376813
268.271865844727,0.15287696936876813
268.110290527344,0.15289601679449277
267.943649291992,0.1529365736356522
267.771072387695,0.15297669971478262
267.605880737305,0.15308199982260873
267.442169189453,0.15316037429449278
267.280136108398,0.15320794395333334
267.111694335938,0.15319840128166667
266.94319152832,0.15329248984666669
266.777114868164,0.15333298442949278
266.602066040039,0.1533925370236232
266.445388793945,0.1534310405326087
266.277908325195,0.15347950128507246
266.120025634766,0.1535439013765942
265.953140258789,0.15359188602586957
265.77668762207,0.1536338457336232
265.614669799805,0.15369621988768117
265.432662963867,0.15376399508050728
265.272033691406,0.15380256436768117
265.127365112305,0.15383024729637684
264.939254760742,0.1538885963156522
264.778045654297,0.1539501953154348
264.584762573242,0.15391835908311596
264.45378112793,0.15396280361666667
264.285659790039,0.15401387992978263
264.109497070313,0.15407926569333333
263.948226928711,0.1541446155326812
263.774765014648,0.15417431419956523
263.616806030273,0.15425041713333337
263.455291748047,0.1542512646752174
263.285980224609,0.15430878267057974
263.1123046875,0.15437875883253627
262.947708129883,0.15441273890050727
262.795562744141,0.1544535367776087
262.621627807617,0.15455665826971016
262.452590942383,0.15456882817659423
262.276748657227,0.15461937034731885
262.118698120117,0.15468081183586957
261.948852539062,0.15467196958115945
261.780868530273,0.15470520314014494
261.616226196289,0.15480609570427536
261.450424194336,0.15486397924666667
261.299270629883,0.1549430919910145
261.137924194336,0.15498273124376813
260.958923339844,0.15502641243101448
260.787780761719,0.15508733941652175
260.621566772461,0.15508407152275364
260.455017089844,0.15515469658862321
260.291107177734,0.15520676666739133
260.11962890625,0.15523649586028987
259.956756591797,0.15525893366130436
259.779708862305,0.15530192923507247
259.594757080078,0.15541540781789856
259.431900024414,0.1554982212946377
259.273284912109,0.1555254384480435
259.106781005859,0.1555699161046377
258.939575195313,0.1556296901476087
258.775177001953,0.1556642806160145
258.611328125,0.15572356985500002
258.452499389648,0.1557372262623913
258.264312744141,0.15581051824695652
258.115463256836,0.15587466799768115
257.944046020508,0.15588845096688406
257.784561157227,0.15596657436594202
257.616317749023,0.1560318497302174
257.4541015625,0.1560872989880435
257.288848876953,0.15614484796949274
257.123611450195,0.1561837117080435
256.953826904297,0.15622380823014495
256.788619995117,0.1562173725246377
256.594985961914,0.15633595870036232
256.445770263672,0.15637878011101453
256.267623901367,0.15643641927942029
256.087753295898,0.1564147116703623
255.945655822754,0.15647059170115943
255.778526306152,0.1565256860378261
255.612815856934,0.1565915194804348
255.427001953125,0.15662573327652174
255.231315612793,0.15668134688057972
255.049934387207,0.15672471453594203
254.880447387695,0.15680138550579711
254.705490112305,0.1568456172710145
254.521934509277,0.1569002193530435
254.372451782227,0.1569296871178261
254.21802520752,0.1569894124823913
254.067512512207,0.15703406503072465
253.884422302246,0.1571097639352899
253.749412536621,0.15714349934130437
253.587059020996,0.15718683047434784
253.41968536377,0.1572535105102174
253.256042480469,0.15727490613746378
253.092094421387,0.15731724768847827
252.930023193359,0.15742424711855071
252.772003173828,0.1574686680724638
252.612449645996,0.1575037039037681
252.445899963379,0.15750581936115945
252.279075622559,0.15757803482094204
252.113014221191,0.15765766570927536
251.953094482422,0.15771090085391304
251.776908874512,0.15773956973637682
251.62378692627,0.15777823560630436
251.450881958008,0.1578381953906522
251.288703918457,0.15787188242753625
251.130249023438,0.1579145097896377
250.963218688965,0.15799329737963771
250.786529541016,0.15804036402485508
250.620185852051,0.15809873956195653
250.459938049316,0.1581630912826812
250.28377532959,0.1581833521292029
250.0966796875,0.15820297743956524
249.942207336426,0.15831921595173915
249.780395507813,0.15838281704079712
249.593574523926,0.1584049896907971
249.432312011719,0.15846551860239133
249.283515930176,0.15849901108028985
249.113342285156,0.15851368410804348
248.952613830566,0.15855663785884058
248.783340454102,0.1586588376292029
248.628074645996,0.1586826353092029
248.460952758789,0.1587444058672464
248.293853759766,0.15877563140528986
248.126838684082,0.15887609114876813
247.950630187988,0.15889479350014493
247.780616760254,0.15896977744072463
247.616920471191,0.15898755584130436
247.452438354492,0.15904050532289857
247.27783203125,0.15910608754572464
247.120018005371,0.15916064104891306
246.960380554199,0.15920689147420292
246.793350219727,0.15925929941166667
246.624122619629,0.1593036693530435
246.460899353027,0.15935382856333336
246.295013427734,0.15937664693072465
246.14330291748,0.1594505444262319
245.980377197266,0.15951444974224638
245.807762145996,0.15954328510369567
245.632942199707,0.15953080080369564
245.466934204102,0.15956513625688407
245.309524536133,0.15967572428492754
245.145118713379,0.15976163917891306
244.941619873047,0.1597837674589855
244.804046630859,0.15981699795239132
244.636840820313,0.15987023796753624
244.483505249023,0.15990253702268117
244.306343078613,0.15995079101637683
244.131973266602,0.1600204152472464
243.960540771484,0.16006156242811595
243.801719665527,0.16007976654471018
243.647186279297,0.16015801769275365
243.478668212891,0.16020101559413047
243.31224822998,0.16026249402739132
243.133750915527,0.16031702533456524
242.971305847168,0.1603799941730435
242.815147399902,0.16042271244760872
242.622116088867,0.16049642739869566
242.47021484375,0.1605588160266667
242.303329467773,0.16058650731615942
242.136154174805,0.16062274325565218
241.974449157715,0.16070114965014493
241.814010620117,0.16073257246021738
241.646064758301,0.16078338561695654
241.500541687012,0.1608449193480435
241.332374572754,0.16089056563115944
241.142852783203,0.160926617737029
240.980094909668,0.16099685324050725
240.814926147461,0.16102711396014494
240.655372619629,0.16104710403268116
240.477729797363,0.16111829666876815
240.314926147461,0.16118532048833334
240.141654968262,0.16125429375869565
239.982437133789,0.1612920105964493
239.803520202637,0.16135901481876813
239.646255493164,0.16140435430847827
239.478492736816,0.1614405339106522
239.321983337402,0.16149883809876814
239.153678894043,0.16154606192681162
238.984962463379,0.1616197764354348
238.81608581543,0.1616622523228261
238.650901794434,0.16172832818746377
238.480117797852,0.16176090268695653
238.3095703125,0.1618412386122464
238.153945922852,0.16188683317768116
237.990371704102,0.16191325395833334
237.81519317627,0.16196984535666667
237.654350280762,0.16198231959152173
237.48681640625,0.1620679273811594
237.299789428711,0.16212718469369566
237.129577636719,0.16219048194775365
236.963073730469,0.1622269057896377
236.796607971191,0.16226337683217393
236.636726379395,0.16231372221347826
236.469062805176,0.16238359350528986
236.301940917969,0.16241607904311595
236.142288208008,0.1624932010560145
235.974647521973,0.16249466709876814
235.807022094727,0.16255802872913044
235.606147766113,0.1625991850552174
235.478057861328,0.16268309771434783
235.312385559082,0.16271201562797102
235.143821716309,0.16279505938152175
234.977226257324,0.16284523962492756
234.818084716797,0.16285194602347824
234.657211303711,0.162925308117971
234.485862731934,0.16298718529971015
234.312591552734,0.16303661504492756
234.135139465332,0.16306691180333335
233.970123291016,0.16311086170210146
233.813957214355,0.16317182435927538
233.629486083984,0.16324861542246377
233.470016479492,0.16324735269507248
233.303840637207,0.1633277781707971
233.127021789551,0.1633554973542029
232.949859619141,0.16342714998789856
232.788108825684,0.1634990202754348
232.621841430664,0.16354827761572463
232.464599609375,0.1635717474911594
232.302047729492,0.1636395109604348
232.140495300293,0.16371953549572466
231.959800720215,0.16376158729826087
231.79182434082,0.1638252923232609
231.640930175781,0.1638535495144203
231.46696472168,0.1639032693207971
231.31209564209,0.16395348666289858
231.152786254883,0.16401071782478263
230.965469360352,0.16404303096811595
230.814102172852,0.1641333736386232
230.652221679687,0.16417159088333336
230.483009338379,0.16419036557427538
230.322113037109,0.16429135208347828
230.15763092041,0.16434117952594204
229.989204406738,0.16438830659681158
229.824493408203,0.16446139928057973
229.655769348145,0.16450567212992756
229.487991333008,0.1645605884510145
229.326522827148,0.16460625208630436
229.160026550293,0.16465651411586957
228.99097442627,0.16465330466746378
228.833656311035,0.16474971379398554
228.651000976562,0.16479284267811597
228.480171203613,0.16484564465543478
228.298957824707,0.16490532422007248
228.132774353027,0.1649408050152174
227.936874389648,0.16503085597847827
227.75456237793,0.1650738429794203
227.594467163086,0.16514404008188407
227.434707641602,0.16514871761355074
227.277435302734,0.1651953658889855
227.116958618164,0.16526123439869567
226.952110290527,0.16532884103514495
226.791542053223,0.16540803090050726
226.62865447998,0.16544243450782609
226.454727172852,0.16545049421753624
226.259712219238,0.1654494578486232
226.109466552734,0.1654635255738406
225.925483703613,0.1655227240098551
225.766334533691,0.16557213000014495
225.623260498047,0.16563799684007247
225.462875366211,0.16567996451760872
225.289489746094,0.16574155985659422
225.124542236328,0.16582244595318843
224.965476989746,0.16592778992195653
224.804779052734,0.16599971572905797
224.62483215332,0.16603577229355074
224.454437255859,0.16610582848036234
224.285217285156,0.16614888826971017
224.105239868164,0.16619045085666667
223.927841186523,0.16624903701275365
223.76912689209,0.16630088988333333
223.580986022949,0.1663678923716667
223.393852233887,0.1664127187718116
223.234474182129,0.1664484341281884
223.079711914062,0.16652578042528987
222.922691345215,0.16654564208108696
222.760803222656,0.1665564138052174
222.593421936035,0.16666309330811596
222.430541992187,0.16672930308311595
222.272407531738,0.166767859744058
222.107795715332,0.16682551046927538
221.948532104492,0.16684065824181163
221.788589477539,0.16692592942565218
221.621559143066,0.16698308476637683
221.432304382324,0.16705175659818844
221.270874023438,0.16709957964173916
221.118194580078,0.16716938945608695
220.955429077148,0.1672287799710145
220.788711547852,0.16722666565615943
220.616683959961,0.1672742385971739
220.464614868164,0.16738296494036234
220.299766540527,0.16741301760688407
220.133361816406,0.16748812696978263
219.968704223633,0.1675248959564493
219.794021606445,0.16757234469992757
219.626449584961,0.1676573274664493
219.462707519531,0.16767964469768118
219.297103881836,0.16775674920333333
219.144325256348,0.1678022759012319
218.96183013916,0.1678198617196377
218.803451538086,0.16787036350847828
218.640548706055,0.1679555513934058
218.481292724609,0.16799596844992754
218.317253112793,0.1680747740618116
218.155258178711,0.16811691948840582
217.98624420166,0.1681699430960145
217.811561584473,0.1682163754862319
217.659782409668,0.1682957512360145
217.48657989502,0.16824858005289856
217.317543029785,0.16835509735586957
217.160484313965,0.16836252107144928
216.99439239502,0.1684607325800725
216.824241638184,0.1685339677763044
216.651435852051,0.1685654102026087
216.464767456055,0.16857073632811595
216.329391479492,0.1686563780660145
216.163208007813,0.16871783682789857
216.001045227051,0.168702798379058
215.823616027832,0.1687608555228261
215.661285400391,0.16886473179637682
215.486633300781,0.16886683798550728
215.332229614258,0.16900598935456523
215.164253234863,0.16894921305753624
214.991142272949,0.1690984350863768
214.826171875,0.1690094669656522
214.660552978516,0.16915190614253625
214.491088867187,0.16925223293985509
214.322463989258,0.16924021176847825
214.14714050293,0.1693022167204348
213.945854187012,0.16934428909014496
213.777206420898,0.16948517323471016
213.607559204102,0.16948934746601452
213.454231262207,0.16949949953826088
213.302452087402,0.16956800696130434
213.130844116211,0.16973458073608697
212.957855224609,0.16977254427173916
212.804595947266,0.16975534005166668
212.637870788574,0.16976656516485508
212.470779418945,0.1697907183128261
212.303451538086,0.16993643521000001
212.13941192627,0.16997638559775363
211.962493896484,0.17003744707710147
211.816871643066,0.17010456727086956
211.639976501465,0.17008373579101452
211.474311828613,0.17012972755434783
211.325820922852,0.17024873607717392
211.156219482422,0.17020787378492755
210.980728149414,0.17029895371818843
210.807777404785,0.1703207501822464
210.63151550293,0.1704188238786232
210.466262817383,0.17044725584746379
210.317695617676,0.17054222270347827
210.145431518555,0.17062754975007247
209.978187561035,0.1706683388012319
209.814712524414,0.17072687064268116
209.641937255859,0.1707593934400725
209.485397338867,0.17081914112376814
209.315658569336,0.17085796371615944
209.153442382813,0.1709094972154348
208.970207214355,0.17095274320666667
208.820213317871,0.1709819021228261
208.654823303223,0.171143901537029
208.494102478027,0.17126042549449277
208.322998046875,0.17128761510065219
208.149536132813,0.1713692873492029
207.9814453125,0.17136076061050728
207.818504333496,0.17137025176028986
207.656280517578,0.1714854134274638
207.487045288086,0.17159718805507249
207.317588806152,0.17160030212789856
207.151962280273,0.17164432293623189
206.997291564941,0.17177542604949275
206.828788757324,0.17181559927775364
206.659767150879,0.17188630009833336
206.463218688965,0.1719088798555797
206.327346801758,0.1719756060216667
206.158561706543,0.17200202115413046
205.989044189453,0.17200298319376814
205.819343566895,0.1720433482223913
205.650497436523,0.17218046977630436
205.486938476562,0.1722177702644203
205.326713562012,0.17224069560391306
205.160949707031,0.17236173543615943
204.98762512207,0.17241932138949276
204.823371887207,0.17245213169666668
204.649589538574,0.1725213619758696
204.494812011719,0.17256112988355074
204.327705383301,0.172565625767029
204.157623291016,0.17258669936355073
203.97388458252,0.17270697423101453
203.828590393066,0.17269412889855074
203.658988952637,0.17276852193202902
203.488700866699,0.17282128570826089
203.336929321289,0.17292574130637683
203.163208007813,0.173000608202029
202.98787689209,0.1730613744612319
202.822952270508,0.17299250998797103
202.660140991211,0.17306458137376812
202.460433959961,0.1731947861810145
202.269958496094,0.1732415431068116
202.10173034668,0.17327909841224637
201.941497802734,0.1733412293264493
201.785202026367,0.17341847972456523
201.62084197998,0.17347280030753626
201.447685241699,0.17355822223659423
201.295555114746,0.17358101419710145
201.128318786621,0.173671964675
200.96443939209,0.1737224446522464
200.798370361328,0.1737978496698551
200.63639831543,0.17385266848818842
200.474212646484,0.17386000179789857
200.306694030762,0.17396508684289855
200.139663696289,0.1739899312638406
199.980133056641,0.17408346790775364
199.815406799316,0.1741060275192029
199.647216796875,0.17414889553137683
199.48136138916,0.17421975740608697
199.313049316406,0.17427512172434784
199.154899597168,0.17436316089673914
198.96768951416,0.17439962119152175
198.819610595703,0.1744690881328261
198.651817321777,0.17454124263217394
198.474578857422,0.1745686524373913
198.27424621582,0.17462861756500003
198.065528869629,0.17470350561855075
197.876708984375,0.17476130377594204
197.702896118164,0.17479431108050725
197.51717376709,0.17486998681369567
197.325218200684,0.1749044220128261
197.153526306152,0.1749687026376087
196.996849060059,0.17503375734630436
196.847030639648,0.17509887274340583
196.687622070313,0.1751676446654348
196.521896362305,0.17517800280579712
196.328704833984,0.1752276881668116
196.200180053711,0.17527681390949276
196.051261901855,0.1752961597004348
195.907455444336,0.17537635932507248
195.733940124512,0.1754475523814493
195.59049987793,0.17546756875405797
195.428741455078,0.17560782038507247
195.260551452637,0.17564502909942029
195.103256225586,0.17564698417130437
194.948379516602,0.17574616248456523
194.782943725586,0.17578907787521741
194.615760803223,0.1758213728612319
194.459846496582,0.1759134690344203
194.295654296875,0.17600563585420292
194.129333496094,0.17599506841347828
193.956871032715,0.1760857966547826
193.798561096191,0.17616111335891305
193.634353637695,0.1761660847406522
193.475402832031,0.17626048141971018
193.309494018555,0.17633611288239132
193.146026611328,0.17638902940971016
192.982421875,0.176414786897029
192.809471130371,0.1764681853865942
192.645454406738,0.17653496309963768
192.474601745605,0.1766094104688406
192.3037109375,0.17661778173768117
192.149085998535,0.17665974090007247
191.980361938477,0.17675390332
191.821388244629,0.17680134218992755
191.652206420898,0.1768356787123913
191.481056213379,0.17694141915869568
191.288948059082,0.17698643450123192
191.126770019531,0.17706513434434787
190.967674255371,0.17708007871398554
190.808929443359,0.17710718810659423
190.644432067871,0.17726347240152174
190.457550048828,0.17721398644826086
190.275840759277,0.17730136758666667
190.118843078613,0.1773844409984058
189.94841003418,0.177479662872029
189.784637451172,0.1775096285385507
189.615844726562,0.1775494859778261
189.462959289551,0.17760343250036237
189.303894042969,0.1776587211805797
189.137763977051,0.17772721679731887
188.96549987793,0.17774791660884057
188.803230285645,0.17781331166572464
188.614326477051,0.17788766547971016
188.479652404785,0.17793715482920291
188.314018249512,0.17801890749318844
188.160331726074,0.1780826505934058
187.982353210449,0.17810936839021743
187.824493408203,0.17815891127036235
187.656425476074,0.1782534651318116
187.475624084473,0.1783338012206522
187.295700073242,0.17838539991311594
187.135635375977,0.17841322363739134
186.986282348633,0.1784833335365942
186.795425415039,0.17851096626753624
186.629402160645,0.1785970463812319
186.464218139648,0.17860984854014492
186.287841796875,0.17870452349594204
186.115852355957,0.17875323875231885
185.935775756836,0.1788342993202174
185.7939453125,0.1789106743818116
185.640396118164,0.1789321855876087
185.455169677734,0.17902232767369566
185.300102233887,0.17905916663804347
185.141990661621,0.17914154938224636
184.977561950684,0.1791438742971739
184.809791564941,0.17921957346934783
184.645568847656,0.17931498044949276
184.4853515625,0.17936750808369567
184.307197570801,0.17940234405043481
184.142166137695,0.17945693871673915
183.979522705078,0.17952898904934783
183.814064025879,0.17958870674362318
183.64559173584,0.17965401926789856
183.489501953125,0.1796998498896377
183.286354064941,0.17974348947130436
183.131706237793,0.17975894611231885
182.959251403809,0.1798499728397826
182.783317565918,0.17992429236992757
182.627319335938,0.17999377085
182.467887878418,0.18005076449376814
182.287551879883,0.18009550863079712
182.134407043457,0.1801327789842029
181.967391967773,0.1802040658016667
181.808807373047,0.18026344236275363
181.641891479492,0.18035909010231885
181.470542907715,0.18042600463550726
181.309837341309,0.18043798273876813
181.142730712891,0.1804864003656522
180.982627868652,0.18055178630782612
180.820945739746,0.1806115091947826
180.638633728027,0.18068771205405798
180.479850769043,0.1807650809816667
180.315132141113,0.18083000960514495
180.15518951416,0.18086554327014492
179.988540649414,0.1808840832222464
179.819580078125,0.18095915086971015
179.655403137207,0.18099567639550726
179.485260009766,0.18109796963695654
179.317481994629,0.18116452256391305
179.150802612305,0.18120696875978265
178.998344421387,0.18129249135471012
178.815055847168,0.1813309488776087
178.655517578125,0.18137711457913042
178.48624420166,0.18144661620398553
178.319465637207,0.18153169570992755
178.1513671875,0.1815499429814493
177.970779418945,0.18159479784152174
177.834526062012,0.18167286998499999
177.665016174316,0.18175799699782608
177.498565673828,0.18177758014898554
177.299377441406,0.18183395487398554
177.139533996582,0.1819018706531884
176.967468261719,0.1819829559774638
176.810089111328,0.18202266650036233
176.655487060547,0.18211148388913045
176.455459594727,0.182140626342971
176.27693939209,0.1822139710336957
176.111488342285,0.18224979892028986
175.950462341309,0.18233270718094208
175.786422729492,0.18237968949478264
175.613487243652,0.18245355515231884
175.449150085449,0.18246866519760868
175.268981933594,0.18251985116594205
175.095840454102,0.18262517741355075
174.92879486084,0.18266896677630437
174.769882202148,0.1827550755614493
174.613731384277,0.18278888988355071
174.451232910156,0.18286484847971016
174.284446716309,0.18291775089188406
174.122032165527,0.1829729146608696
173.957489013672,0.18303806607014497
173.808120727539,0.18309453915913046
173.640197753906,0.18315783747253628
173.467727661133,0.1832074414510145
173.30583190918,0.18328893578188404
173.14054107666,0.1833378648715942
172.978118896484,0.18340644771246378
172.814102172852,0.18342960553847829
172.614837646484,0.1834897788761594
172.475067138672,0.18356014368
172.312850952148,0.18362131155927536
172.152984619141,0.18368731952528985
171.968505859375,0.183721436877029
171.813125610352,0.1837771965768116
171.646255493164,0.1838724655442029
171.484130859375,0.18393041865471016
171.316230773926,0.18397384915746376
171.148048400879,0.183983822525
170.979972839355,0.1840710768819565
170.818367004395,0.18416168987311593
170.664909362793,0.18414045135152174
170.483222961426,0.18419602374949282
170.317825317383,0.18430861680239133
170.133659362793,0.1843857501453623
169.95783996582,0.1844590992239855
169.806701660156,0.18452581554673914
169.646148681641,0.18452902014775363
169.480331420898,0.18462977544615944
169.297157287598,0.18469088069710143
169.125427246094,0.18477805155565216
168.962196350098,0.1848404434231884
168.795639038086,0.18485892532739132
168.63200378418,0.1849395825354348
168.467445373535,0.1850190975737681
168.307228088379,0.18505994594434785
168.145767211914,0.18510049992891306
167.978126525879,0.18516383007855075
167.810302734375,0.18519346737413045
167.646446228027,0.18528551160072465
167.470550537109,0.18534620209644928
167.31950378418,0.18542765091471017
167.14616394043,0.1854846175986232
166.987770080566,0.18556136257427536
166.831985473633,0.1856139103802174
166.654541015625,0.18565377366782612
166.483169555664,0.18575188989115943
166.324211120605,0.1857920587906522
166.156715393066,0.18582482004028988
165.99308013916,0.18589823901304348
165.823051452637,0.18595363579304347
165.661674499512,0.18602607000318844
165.483421325684,0.18604770369289858
165.310760498047,0.18615424527594204
165.128807067871,0.1862119815530435
164.969604492187,0.18628548837463768
164.803062438965,0.18634066537521743
164.643508911133,0.1863926043976087
164.463233947754,0.186463596627029
164.267730712891,0.1865337815468841
164.114700317383,0.18658254082231887
163.953338623047,0.186607971322029
163.785362243652,0.1866909120536232
163.601875305176,0.18676929766971018
163.438690185547,0.18680963327471017
163.276527404785,0.18687409128905796
163.113571166992,0.18694668719717394
162.950614929199,0.18699773963014496
162.79150390625,0.18704100239456523
162.629096984863,0.18710422254572462
162.462600708008,0.1871768880212319
162.297462463379,0.18724646768565217
162.144683837891,0.1873163107904348
161.979698181152,0.18737619140289857
161.805953979492,0.1874207514295652
161.638648986816,0.18750766997239132
161.452178955078,0.18752443295355076
161.304718017578,0.18758859489557972
161.149879455566,0.18768594725195656
160.980644226074,0.1877181053530435
160.81812286377,0.1877743994757971
160.655265808105,0.18782141800876812
160.503036499023,0.18789552595086959
160.324661254883,0.1879584135089855
160.151222229004,0.18802719979898552
159.982925415039,0.18806696309652174
159.813148498535,0.18814951601275365
159.655822753906,0.18821920047963772
159.481887817383,0.188278309949058
159.311645507813,0.18827548800847826
159.143898010254,0.18839148766876815
158.975524902344,0.18846260184623193
158.80980682373,0.18853420449152175
158.640167236328,0.18858331490775365
158.488945007324,0.18864901963818842
158.320663452148,0.18869624128826087
158.155807495117,0.18877102522550726
157.986351013184,0.18883755418478262
157.821029663086,0.1888751117216667
157.660232543945,0.1889307227812319
157.490829467773,0.1890302237102174
157.321403503418,0.18907298082608698
157.162376403809,0.1891575822996377
156.997657775879,0.1892016728456522
156.828369140625,0.18926863301601451
156.650161743164,0.1893434245564493
156.494148254395,0.18938166093601452
156.321769714355,0.18945172180920292
156.154296875,0.18950904972644933
155.994827270508,0.1895408080462319
155.810279846191,0.18959455783137685
155.663185119629,0.1896523471774638
155.493263244629,0.18972594652072464
155.324012756348,0.1897197519294203
155.156158447266,0.18988000489949278
154.987075805664,0.18994414077369567
154.821517944336,0.1899943885764493
154.652534484863,0.19006345082891304
154.482788085938,0.1901404869466667
154.309646606445,0.19017325354601447
154.139373779297,0.19025594845326088
153.951293945313,0.19027086423036235
153.750633239746,0.19035946643108698
153.561866760254,0.19042244056108693
153.366523742676,0.19049132053898554
153.183013916016,0.1905715981636232
152.988662719727,0.1906146803957971
152.816757202148,0.19067625256478263
152.654670715332,0.19074079087579715
152.506729125977,0.19079438367333335
152.359008789062,0.19085303388804348
152.210716247559,0.1909115549731884
152.057350158691,0.19098192023601446
151.899032592773,0.19102531746224638
151.758171081543,0.19109455265094205
151.594589233398,0.19116770888869564
151.42887878418,0.1912235223542029
151.250900268555,0.19131448648659422
151.088829040527,0.1913697033448551
150.905876159668,0.19142760803347827
150.748489379883,0.1915018031110145
150.576545715332,0.19153359502847828
150.407608032227,0.19162577432268116
150.234756469727,0.1916671885458696
150.03263092041,0.19175847160630438
149.887168884277,0.19182109463391306
149.711944580078,0.19190519695101446
149.541831970215,0.19194924173478264
149.365440368652,0.19202720525413047
149.188873291016,0.1920850279786232
149.024406433105,0.19218081833833336
148.852569580078,0.19222516567826092
148.670608520508,0.19228165566710148
148.48713684082,0.1923395645526087
148.314903259277,0.19246118027543482
148.147315979004,0.1925271459668116
147.967185974121,0.1926021500005797
147.78865814209,0.19267881501347828
147.604774475098,0.1927316820944203
147.418060302734,0.1928086514842029
147.253463745117,0.19287898216144933
147.061851501465,0.1928997501403623
146.905982971191,0.19298170589391306
146.735084533691,0.19306338103405798
146.561378479004,0.19313265478753625
146.393486022949,0.1932158878514493
146.22216796875,0.19327472483630437
146.056243896484,0.19333067393623193
145.89582824707,0.19339866712681164
145.715026855469,0.19347999017239131
145.542015075684,0.19354385754565218
145.371910095215,0.1936318588284058
145.212265014648,0.19368924014775366
145.042427062988,0.19371731544405799
144.876617431641,0.19378436811384062
144.707412719727,0.19385123911717395
144.540115356445,0.19394518572710145
144.375183105469,0.19399141978615944
144.213714599609,0.19407158071913044
144.036964416504,0.19412471579231885
143.884185791016,0.19419625333152174
143.724533081055,0.19424458986789855
143.556922912598,0.19431307061253628
143.380729675293,0.1943930175514493
143.224853515625,0.19446760467521737
143.060241699219,0.19451822075260872
142.893882751465,0.19454524852094204
142.735786437988,0.19461618028702898
142.571388244629,0.19468399616000004
142.404403686523,0.19477573491688405
142.240783691406,0.19482076185543482
142.081817626953,0.19488715622173913
141.917327880859,0.19495756129253625
141.752723693848,0.19502696569833336
141.58666229248,0.19509366364920291
141.423629760742,0.19514488369934785
141.248069763184,0.19520888123818844
141.105010986328,0.19527144036557972
140.933128356934,0.19533729999659422
140.766670227051,0.19540667621717392
140.599060058594,0.19544045433927534
140.43212890625,0.1955241812046377
140.252159118652,0.1955877835118116
140.084846496582,0.1956432924865942
139.927459716797,0.19571106303217392
139.75968170166,0.19579386633942028
139.604751586914,0.19582567579514498
139.417121887207,0.19586244509797104
139.259590148926,0.19596622163688407
139.100341796875,0.19599806696239133
138.924789428711,0.19608240741550725
138.759284973145,0.19617299914840577
138.596878051758,0.19621071458695655
138.408615112305,0.1963270121687681
138.251403808594,0.19632211896260873
138.066207885742,0.19641728617978263
137.895629882812,0.196483469042971
137.728157043457,0.19654818986478262
137.566352844238,0.1966213933781884
137.400970458984,0.19668217339340585
137.237968444824,0.19676842004065218
137.071571350098,0.19680594155478265
136.921478271484,0.19688013260101447
136.737030029297,0.19692760240268117
136.580558776855,0.19699100002579711
136.408081054688,0.1970222660786957
136.249664306641,0.1971299875851449
136.082809448242,0.1972043326394203
135.920249938965,0.1972633238742029
135.763557434082,0.19733001579949275
135.576400756836,0.1973959512715942
135.372383117676,0.1974301208557247
135.176704406738,0.1975116797728261
134.988594055176,0.19756920971275363
134.840843200684,0.1976415010884058
134.68293762207,0.19769680476137683
134.526290893555,0.19777734882695652
134.374382019043,0.19782609459478265
134.213096618652,0.19790266214384059
134.056114196777,0.19797128375413045
133.892799377441,0.19800934959492753
133.728607177734,0.19806671532934783
133.572288513184,0.19819024669072466
133.408706665039,0.19823107522108693
133.236404418945,0.19827958116862318
133.076316833496,0.19836342745992752
132.914672851562,0.19841881087731886
132.751106262207,0.1984569488980435
132.587448120117,0.1985285913289855
132.410003662109,0.19862365119586958
132.237953186035,0.19865050609724638
132.057655334473,0.19867015145507247
131.889434814453,0.19865951200434787
131.718772888184,0.19877655823608698
131.556304931641,0.19886555200014497
131.389434814453,0.1989169848071015
131.23168182373,0.1989592427326087
131.069831848145,0.1990076694192029
130.905334472656,0.19908677293536237
130.752296447754,0.19915583283123187
130.568962097168,0.19922851361594202
130.407157897949,0.19929424335731888
130.238502502441,0.1993784914716667
130.098777770996,0.1994157589174638
129.914009094238,0.1994538898046377
129.755928039551,0.19959263986695655
129.57682800293,0.1996360713365942
129.416229248047,0.1996737174244203
129.258850097656,0.1998274681738406
129.09098815918,0.1998147287488406
128.930145263672,0.19990397360173912
128.776824951172,0.1999560430117391
128.600250244141,0.19994625846043484
128.435852050781,0.2000583342360145
128.263885498047,0.2001140541607971
128.093566894531,0.2002103529315942
127.929389953613,0.20024486963000002
127.774524688721,0.2003345546939131
127.605255126953,0.20036331333528987
127.435878753662,0.20044443923688407
127.267093658447,0.20051416427434782
127.105323791504,0.20058038011398552
126.942077636719,0.20064130194688404
126.772403717041,0.20071987196768118
126.603733062744,0.20078935101942033
126.402770996094,0.20075607261253625
126.275959014893,0.2008733869560145
126.108219146729,0.2009879697652174
125.940052032471,0.20103491320963768
125.777381896973,0.20110120966869566
125.60680770874,0.20118807056876817
125.456745147705,0.20122324118057971
125.280834197998,0.20127012814405798
125.111072540283,0.2013879175247102
124.932598114014,0.20142717991398554
124.759006500244,0.20146861714673914
124.598052978516,0.20155285419463773
124.44030380249,0.2015756213426812
124.272106170654,0.2016832068457971
124.103889465332,0.20175111679586957
123.945037841797,0.20182807275710143
123.785797119141,0.20190452665456524
123.605861663818,0.20192945515536234
123.430305480957,0.20205556329826088
123.277454376221,0.20218045141311594
123.108333587646,0.20221563243094204
122.945659637451,0.2022558375834783
122.775157928467,0.20230111468297104
122.609634399414,0.20234050532231887
122.450038909912,0.20245111835376814
122.285125732422,0.20248344363565218
122.113735198975,0.2025500039744203
121.944435119629,0.20264125829420293
121.758167266846,0.20269127031478262
121.550384521484,0.20273829123072468
121.353404998779,0.20293579660739133
121.186172485352,0.20294866039210147
121.030479431152,0.20304326070521742
120.884647369385,0.20308854514413044
120.719955444336,0.20318712701333336
120.55933380127,0.20320553220579715
120.387702941895,0.20320196060536233
120.246650695801,0.2032964281397826
120.093078613281,0.20333700666413046
119.927024841309,0.20343249473760872
119.754333496094,0.20348630543956522
119.597888946533,0.2035020258946377
119.428112030029,0.20360159531304348
119.276809692383,0.20359565826956522
119.104278564453,0.20368260042369568
118.943111419678,0.2038354780734783
118.776107788086,0.20388281749217393
118.608955383301,0.20390076865826087
118.442672729492,0.2039947205797102
118.27991104126,0.20410350699768118
118.114582061768,0.20412945935456522
117.958084106445,0.20423441596536232
117.778045654297,0.20426995725115943
117.618190765381,0.20433661015166665
117.446823120117,0.20440396499818844
117.276084899902,0.2044385313644203
117.121829986572,0.20451718246115944
116.958499908447,0.204596647969058
116.78999710083,0.20467209575913042
116.62141418457,0.2047612542238406
116.445747375488,0.20480382782818843
116.277881622314,0.2048789247960145
116.126155853271,0.20487133749847827
115.94917678833,0.20501591135514496
115.78630065918,0.2050399063066667
115.60608291626,0.2050916010698551
115.443881988525,0.205171311192029
115.272560119629,0.20515797146666667
115.111877441406,0.205320728419058
114.94017791748,0.2053558934569565
114.772327423096,0.2054857329401449
114.604778289795,0.20553371521485508
114.44255065918,0.20562531472065218
114.253795623779,0.205651433924058
114.115406036377,0.20572988982217397
113.937076568604,0.20579628437847827
113.769374847412,0.20588594871115942
113.605834960938,0.20590857770297105
113.43936920166,0.20600199400217392
113.277275085449,0.20606104529492755
113.104076385498,0.20614942201586955
112.936515808105,0.2061838524852899
112.765609741211,0.20626962328434784
112.607975006104,0.20632538310173915
112.453372955322,0.20639087657934788
112.286773681641,0.2064371540826087
112.119953155518,0.2065417613956522
111.95877456665,0.20659257132811595
111.781253814697,0.20667115053289858
111.606922149658,0.20674623053659422
111.4426612854,0.20674478090326087
111.278614044189,0.20687837304137682
111.107273101807,0.20692131388318843
110.954212188721,0.2069807482986232
110.786773681641,0.20700716351840578
110.621269226074,0.2070660225236957
110.454727172852,0.20715263289434785
110.318820953369,0.20720531435891304
110.150417327881,0.20729965107855075
109.964401245117,0.20731467083210148
109.787117004395,0.2074790176264493
109.597438812256,0.20755623614471017
109.447959899902,0.20751306405666667
109.261917114258,0.20761618438391308
109.092391967773,0.20762140350768118
108.942081451416,0.20768404691615944
108.778045654297,0.20777933133992754
108.605869293213,0.20786904482420293
108.447196960449,0.2079261524728986
108.286220550537,0.20801227323057975
108.118461608887,0.20807985714000005
107.941352844238,0.2081306340416667
107.788299560547,0.20817993981905797
107.626113891602,0.20826927242811596
107.454063415527,0.20831258013695653
107.294548034668,0.20842077654347826
107.138252258301,0.2084789254910145
106.955619812012,0.20855441678840583
106.785022735596,0.20858915688413046
106.609798431396,0.20864206429094206
106.449108123779,0.20869267821710147
106.276699066162,0.2087884880364493
106.12674331665,0.20883570862094206
105.960784912109,0.2089488648062319
105.793155670166,0.20900529608413046
105.637424468994,0.20904943637144927
105.468246459961,0.20913388275550726
105.285503387451,0.20924924970623188
105.127853393555,0.20929072976753624
104.973175048828,0.2093106247706522
104.801193237305,0.20938529628021743
104.633865356445,0.20942569976753625
104.473106384277,0.20954432448637683
104.315734863281,0.20949132846413043
104.141941070557,0.20966284041528988
103.975276947021,0.20966073817652178
103.806549072266,0.20982459535855072
103.637641906738,0.209886455184058
103.477149963379,0.20990425928717396
103.304195404053,0.20996789590789855
103.132160186768,0.21004784273210148
102.974185943604,0.21010659962456524
102.809585571289,0.21017076273413043
102.630668640137,0.2102908812365942
102.444286346436,0.21032424370659422
102.289772033691,0.21036261867528988
102.128829956055,0.2103662214876087
101.97066116333,0.21040142293978265
101.800556182861,0.21052385351094202
101.626499176025,0.2106049472206522
101.441940307617,0.21068980067811596
101.307014465332,0.21076834361753627
101.144203186035,0.21083346771333333
100.969982147217,0.2108869049134058
100.808681488037,0.21096980418
100.640960693359,0.21099338636673917
100.476844787598,0.2110318012142029
100.315845489502,0.2111130719966667
100.135704040527,0.21117449602768118
99.9307479858398,0.21123846785072467
99.7531394958496,0.21131014448108698
99.5704956054687,0.21140830073492756
99.4195594787598,0.21150271914398552
99.2651557922363,0.21153156419739136
99.1093063354492,0.21156949435949274
98.9454460144043,0.2116302333880435
98.7859230041504,0.21170348086347823
98.6104316711426,0.2117741994878261
98.4496383666992,0.2118492334028261
98.2924385070801,0.21191490386855075
98.1142463684082,0.21197616437659422
97.9577674865723,0.21203546893398553
97.7856979370117,0.2120673599167392
97.6213607788086,0.2119714923688406
97.4601058959961,0.2119567423107971
97.2942924499512,0.21206079988971013
97.1293754577637,0.21209357243007249
96.9649391174316,0.21220669024079716
96.799690246582,0.21224949411333335
96.6415596008301,0.2122831394850725
96.4799690246582,0.21237341238840582
96.3061218261719,0.2124231568252174
96.1468315124512,0.21245909985420294
95.9756240844727,0.21255483155434785
95.82275390625,0.21256693895434783
95.6532287597656,0.21265479550876815
95.4846992492676,0.21272601784188405
95.3169097900391,0.21278504312311597
95.1568222045898,0.21282581739166667
94.9909172058105,0.21292129506528987
94.8051452636719,0.2129747846132609
94.6077880859375,0.2130276020030435
94.4512939453125,0.21312235731724638
94.2772407531738,0.21315998538579714
94.0721626281738,0.21322169890210146
93.9056358337402,0.21328913771753627
93.7341690063477,0.21334359953282608
93.5842475891113,0.21337990929652176
93.4403038024902,0.21345887995797103
93.2736053466797,0.21353835117434786
93.1200981140137,0.21358965594565218
92.9443321228027,0.21364720259188405
92.8009452819824,0.2136925815436232
92.5930099487305,0.21375152837
92.4237480163574,0.21382494307028985
92.2514533996582,0.21389234393572468
92.0781173706055,0.21398484632898554
91.9268455505371,0.21401895152760872
91.7671051025391,0.21407081632601452
91.6079597473145,0.21410289018195655
91.4516181945801,0.21415018009318842
91.2926979064941,0.21424733586253625
91.1160202026367,0.21432912645673916
90.9612274169922,0.21436359317507248
90.8086967468262,0.21441518302405801
90.6458015441895,0.21445135983485508
90.4745368957519,0.2145360258280435
90.3120651245117,0.21460254089594208
90.153865814209,0.21464657717391306
89.9891662597656,0.21473808632550728
89.8221817016602,0.21475971674514494
89.6358871459961,0.21483968582804353
89.4788093566895,0.21486496739173916
89.3150520324707,0.21492738725304353
89.144172668457,0.21503675158739136
88.9824256896973,0.21506234625000004
88.8254737854004,0.21511207922014494
88.6623840332031,0.21514967274913044
88.4894065856934,0.21520868001913043
88.3264389038086,0.21526567971550728
88.1541900634766,0.21533857214797103
87.9796028137207,0.21538768198391306
87.8117446899414,0.21544119202992756
87.6317176818848,0.21550121286050725
87.4357223510742,0.2155650701884058
87.299488067627,0.21561704184065217
87.1427040100098,0.21566648028913046
86.9795227050781,0.2157021943015942
86.8130226135254,0.2157614787163768
86.6462478637695,0.2158167067798551
86.4856338500977,0.2158852461926812
86.3266258239746,0.2159300261078261
86.1659698486328,0.21597271648528985
85.9951782226563,0.21604908174384063
85.8261642456055,0.2160768118166667
85.6616821289063,0.21615674007449276
85.4961891174316,0.21617487800500002
85.3342361450195,0.21625712955927537
85.1711120605469,0.21629217621253627
85.002815246582,0.2163744677345652
84.8419761657715,0.216437533427971
84.6744537353516,0.21647373222079713
84.5125274658203,0.216522216995
84.3398551940918,0.21657619742036238
84.1753997802734,0.21660154373695653
83.997013092041,0.21671324965536232
83.8156242370605,0.21675534903550722
83.656982421875,0.21680465993652173
83.4915809631348,0.2168190775282609
83.318660736084,0.21690233326057975
83.153133392334,0.21694793693876813
82.9791564941406,0.21702092059992756
82.8040885925293,0.2170490885102174
82.638729095459,0.21714792039173916
82.4772109985352,0.2171607464715942
82.3106842041016,0.21721230353847826
82.140754699707,0.21725160575297106
81.9742698669434,0.21729438036992757
81.8154563903809,0.2173337841064493
81.6541481018066,0.21739621182833338
81.4708747863769,0.21741787573536234
81.307861328125,0.2174802757022464
81.1322784423828,0.21749840782152177
80.9703102111816,0.2175590692582609
80.8009185791016,0.21759993977797104
80.6326751708984,0.21765854249318844
80.4774780273437,0.21773407638521744
80.2795944213867,0.2177759904157971
80.1192321777344,0.2178173801523913
79.9365882873535,0.21783428463391305
79.7894248962402,0.2178565059022464
79.6243782043457,0.21793197085615945
79.4491958618164,0.21794172934666664
79.2826156616211,0.2180280268092029
79.1006813049316,0.21809233720673915
78.9439849853516,0.2181439787046377
78.7933921813965,0.21817633816115944
78.6078071594238,0.21824856923144925
78.4390296936035,0.21829396071942034
78.2813987731934,0.2182764622838406
78.1101570129395,0.21833989544152177
77.9384269714355,0.21838349917028987
77.7660942077637,0.21848101002905798
77.595760345459,0.21853996851268118
77.4268264770508,0.21862058386188407
77.257266998291,0.21864915498086962
77.0897026062012,0.21868305459500004
76.9124870300293,0.21878192210528988
76.7275581359863,0.2188459545996377
76.5651473999023,0.21888711580811596
76.3983650207519,0.21892731561666667
76.2248764038086,0.2189560424789855
76.0732116699219,0.2190103048574638
75.8648071289063,0.21906779466166668
75.7247085571289,0.21915113753500004
75.5595970153809,0.21917334749101453
75.3924331665039,0.21919835275594207
75.227668762207,0.21927307599739132
75.0606117248535,0.21928712492717392
74.8901252746582,0.21930653993007249
74.7224464416504,0.21933141539739132
74.5724830627441,0.21935334079079713
74.4038505554199,0.2194072528638406
74.2210311889648,0.21939559501376815
74.0564308166504,0.21946125232318842
73.8832893371582,0.2195164676618841
73.7108726501465,0.2196027305210145
73.5569953918457,0.2196263744180435
73.3747940063477,0.21966597534666665
73.2160453796387,0.21969745741123192
73.0180435180664,0.219728157919058
72.8550109863281,0.21978024419442033
72.6788291931152,0.21979490097949278
72.4923667907715,0.21986670263811595
72.3276023864746,0.21987891722166672
72.1486282348633,0.2199174827804348
71.9646759033203,0.21994476700355076
71.7923622131348,0.2199306792481884
71.6285171508789,0.2200272876194203
71.4856605529785,0.22004003737623193
71.3207855224609,0.22009038083514493
71.1547241210937,0.22013024297210146
70.9755821228027,0.22015489417094203
70.8280029296875,0.22019227392340582
70.6749305725098,0.2202133762586957
70.4985084533691,0.22026727143550726
70.3339500427246,0.22028851087934784
70.1622085571289,0.2202475404088406
69.9934120178223,0.2203391701218841
69.8229751586914,0.22035245702275363
69.6599082946777,0.22041943647036233
69.4928855895996,0.2204187485818841
69.3224296569824,0.22047053812920292
69.1542167663574,0.22046368456289858
68.9843330383301,0.22051720374478265
68.822452545166,0.22058453371855072
68.6646690368652,0.22059297712036235
68.4900894165039,0.2205873914798551
68.2971420288086,0.22063318599173912
68.1291007995606,0.22066865287413046
67.9673194885254,0.22069849457724638
67.804126739502,0.2207374415522464
67.6420097351074,0.2207753200674638
67.4634056091309,0.22077430030065218
67.2726020812988,0.22081685506050724
67.118953704834,0.22086715678659422
66.9703369140625,0.22086654076442033
66.8012733459473,0.2209192460398551
66.6251716613769,0.22094984520492755
66.4608535766602,0.2209689804306522
66.2926902770996,0.22097740676130434
66.1205711364746,0.22100875404746378
65.9469299316406,0.22102272519869567
65.7693710327148,0.22102217762239132
65.6001167297363,0.2210537683524638
65.4313888549805,0.22107107679333338
65.2637557983398,0.22108177919137684
65.1015815734863,0.22111260464652174
64.9348831176758,0.22112632373253627
64.7640686035156,0.2211857051313768
64.5959129333496,0.22119117085362322
64.4336967468262,0.22123420094884058
64.2648124694824,0.22123384245449276
64.0917358398438,0.2212854596158696
63.9244384765625,0.22131764793673916
63.7610969543457,0.2213303866847826
63.5902690887451,0.22137961554239133
63.4073829650879,0.22134739661782613
63.2393798828125,0.22139074301101455
63.084321975708,0.22144057723086957
62.9112300872803,0.2214122838872464
62.7382316589356,0.22141277945369567
62.5655460357666,0.2214265679153623
62.402868270874,0.22148391134840584
62.2297897338867,0.22145072710239133
62.0632476806641,0.2214489882602899
61.8905467987061,0.2215347927365942
61.7143592834473,0.22152528473253627
61.551441192627,0.2215281124996377
61.3849334716797,0.22155125483384058
61.2154273986816,0.22158659538811598
61.049976348877,0.22161792168050726
60.8821754455566,0.22162669841072466
60.6960678100586,0.22164144682434786
60.5234317779541,0.22167531029507245
60.3568000793457,0.22171198143152177
60.1757640838623,0.22171174123050727
60.0221519470215,0.2217129108550725
59.8556995391846,0.22173739538659423
59.6784801483154,0.22178255797000002
59.5160732269287,0.2217664212064493
59.3434619903564,0.22181216602797105
59.1666889190674,0.22182054261079712
58.979320526123,0.22183662521739134
58.8171405792236,0.22185011829826087
58.6568241119385,0.2218765169954348
58.4922981262207,0.22187788559818844
58.3292102813721,0.22188268588304352
58.1685924530029,0.22191188719297103
57.9602661132813,0.22189235471376811
57.8090648651123,0.22194225304123189
57.6527118682861,0.22195020862804346
57.4867153167725,0.22198229808949277
57.303279876709,0.22198119818239131
57.1315326690674,0.22201144698753622
56.9749507904053,0.2220065859712319
56.8084526062012,0.22203909492130436
56.6426982879639,0.22204009344536232
56.4783096313477,0.22202280863833335
56.3176689147949,0.22207526794050728
56.1517467498779,0.22201387161094202
55.9838333129883,0.22205600279681162
55.8085231781006,0.2220684116358696
55.6485843658447,0.2220906181717391
55.4813766479492,0.22209187149289858
55.3184471130371,0.22209426184746375
55.1505222320557,0.22213359421347828
54.9797172546387,0.22209575643195656
54.812162399292,0.2221197556014493
54.6415061950684,0.22215360031471018
54.4948558807373,0.22214167622210146
54.3268566131592,0.22215663357152177
54.1421298980713,0.22216676263782612
53.9728622436523,0.222184094757029
53.7995052337646,0.22218716099710148
53.6307582855225,0.22214843046826088
53.4697914123535,0.2222051953023913
53.2985095977783,0.22216917057608696
53.1419296264648,0.222189632142029
52.9555931091309,0.22221860377811595
52.7991752624512,0.22220787415869567
52.6197052001953,0.22223467275471018
52.4478321075439,0.22222883730326087
52.283712387085,0.22225396151717394
52.1203136444092,0.22227115077746376
51.9256858825684,0.22224762904311599
51.7358684539795,0.22227451261159423
51.5728359222412,0.22225967152521742
51.397554397583,0.22229591668710147
51.2349529266357,0.2222782699313768
51.0706882476807,0.2222621530684058
50.9006443023682,0.22231782185623195
50.7416343688965,0.22226818252971015
50.5776786804199,0.22229118173376813
50.4071807861328,0.22232241865630437
50.2413501739502,0.2223440194226087
50.070987701416,0.22232438756934783
49.8984260559082,0.22229588642420292
49.7329063415527,0.2223037939263768
49.5660934448242,0.22234297414014495
49.3995513916016,0.22233466092528986
49.230224609375,0.22231165004471015
49.0613880157471,0.22235734865065215
48.8945217132568,0.2223327264676087
48.7237586975098,0.22233103426920292
48.5643711090088,0.2223268487376812
48.3969440460205,0.22232027611326086
48.2233562469482,0.2222834532036957
48.0561904907227,0.2223037953922464
47.8990364074707,0.2222742280480435
47.7334098815918,0.22227830081086958
47.5339832305908,0.22237898129673914
47.3876724243164,0.22234971305355075
47.2141246795654,0.22236999462630436
47.0241985321045,0.22239110331978262
46.8605709075928,0.22236965981202902
46.696985244751,0.2223665498116667
46.5394344329834,0.22236991514565219
46.3587493896484,0.22240154865137682
46.1941509246826,0.2223917843188406
46.0360679626465,0.22239012641673914
45.8666191101074,0.2223570411197102
45.6970977783203,0.22235052130949276
45.5290126800537,0.22236160054579715
45.3602561950684,0.22238492886231884
45.1953964233398,0.22234663375405797
45.0288772583008,0.2223708751671015
44.8585376739502,0.2223809201923913
44.6765232086182,0.22236714127108695
44.5110969543457,0.22235706217275364
44.3494319915771,0.22237338915891305
44.1827850341797,0.22235082134833334
44.0130672454834,0.22236538953130433
43.8469657897949,0.22230078036413045
43.6768131256103,0.22236183647282606
43.5060062408447,0.22228746918920292
43.3383388519287,0.22228938083500002
43.1719093322754,0.22228777119202897
43.002908706665,0.22228001033478262
42.8395729064941,0.2223080744293478
42.6707820892334,0.2223467146946377
42.4993534088135,0.22227665746014497
42.3423881530762,0.22228270752492751
42.1601753234863,0.22227248554615942
41.9983463287354,0.22224834385471015
41.8287963867188,0.22223528184166666
41.664608001709,0.22224849291137683
41.4928703308105,0.222238839111087
41.321403503418,0.22222986667355074
41.1499862670898,0.22224526086485508
40.9790802001953,0.22223328567659423
40.8146667480469,0.22225423793043478
40.625394821167,0.22227395877173917
40.418249130249,0.2222267648196377
40.2564544677734,0.2221878277630435
40.1004524230957,0.22219510041652177
39.9433670043945,0.22217660480079712
39.7824268341064,0.2221345282522464
39.6170024871826,0.22215083059014498
39.4472827911377,0.22212403282130433
39.2846813201904,0.22216366103202903
39.1181716918945,0.22216839234275362
38.9526348114014,0.2221473747880435
38.7861595153809,0.22217321798775366
38.6178150177002,0.22215878592115945
38.4619560241699,0.2221112593334783
38.2985439300537,0.2220849903355797
38.119457244873,0.22215382779413045
37.9471187591553,0.22213784467260872
37.7734317779541,0.22210455104833338
37.5910987854004,0.22212714012398557
37.4175491333008,0.22214298627615944
37.2551212310791,0.22215462350434786
37.0976982116699,0.222075088294058
36.9380474090576,0.2221156567462319
36.7611675262451,0.2220578024728261
36.5972232818604,0.22206997277565219
36.4271335601807,0.2220526902126087
36.2740592956543,0.22205966121050727
36.1010456085205,0.22205430522094205
35.9383411407471,0.22201068715615943
35.7683506011963,0.22202083394797104
35.5891056060791,0.22196642036847827
35.4285182952881,0.22198968210297104
35.2555160522461,0.22197440605579713
35.0892295837402,0.22200042136876813
34.9181842803955,0.2219244822572464
34.7524604797363,0.22195405519644928
34.5868854522705,0.22194025573601453
34.4121284484863,0.22189252096260872
34.2416706085205,0.22184197789934787
34.082483291626,0.22185472683478263
33.9209403991699,0.22188496485514497
33.7446117401123,0.22186079163637681
33.543285369873,0.22184272030876817
33.3532962799072,0.22185468361195654
33.1804695129395,0.2218783021980435
33.0277004241943,0.22192000808971016
32.8715171813965,0.22188096315050726
32.7130489349365,0.22190021842413044
32.5504589080811,0.22183497879355077
32.3900661468506,0.22185394421507248
32.2268447875977,0.22184140189818846
32.0641565322876,0.2218894426028261
31.8943033218384,0.22188039484840583
31.7206192016602,0.22185643940217392
31.5581998825073,0.22183350374760868
31.3812818527222,0.22177854174594203
31.2194700241089,0.22180941424101452
31.0476808547974,0.22178859521492755
30.8819799423218,0.22178335934043483
30.7039461135864,0.2218573746328261
30.5152635574341,0.22182955404862323
30.359733581543,0.22180367559137681
30.2010841369629,0.2218308086886232
30.035439491272,0.22172480979528986
29.8848857879639,0.22179139058333333
29.6977987289429,0.2217802393506522
29.5282640457153,0.22179211301384058
29.3501958847046,0.2217907663728261
29.1895809173584,0.22178801284833335
29.0241031646729,0.22178795611057975
28.8310461044312,0.22177766350521744
28.6620569229126,0.22177650727050724
28.497971534729,0.2217669026410145
28.3398389816284,0.2217551317334058
28.1800146102905,0.22173473302384059
28.0238227844238,0.22179610665492758
27.8633403778076,0.22175539262152175
27.6894035339355,0.22178053826934785
27.5203275680542,0.2217759260134783
27.3661575317383,0.22175385334739134
27.2046985626221,0.221747611351087
27.0232706069946,0.22177702843333338
26.8540153503418,0.22171774868094205
26.6930112838745,0.22176647673065217
26.5306520462036,0.2217446362989855
26.3608236312866,0.22176085721536232
26.184419631958,0.22175343315231888
26.0163669586182,0.2217708596304348
25.8547925949097,0.2217600915426087
25.69886302948,0.22169183696449277
25.529899597168,0.2216505120442029
25.3285131454468,0.2217668892138406
25.1684608459473,0.22174310188362317
25.005654335022,0.22171782626789857
24.8470048904419,0.22172694930942033
24.6842250823975,0.2216745867372464
24.5157146453857,0.22172160679934783
24.3366355895996,0.22166833471594205
24.1727819442749,0.22172333063797103
24.0127077102661,0.2217120680282609
23.8444499969482,0.22174268320673915
23.6776266098022,0.2216940824565942
23.5204792022705,0.22168603034275366
23.3400259017944,0.2217243479810145
23.1842613220215,0.2217287992502174
23.0181188583374,0.2216932764834783
22.8570127487183,0.22165827789036233
22.6935138702393,0.22170208587855073
22.5232515335083,0.22167177416253625
22.353931427002,0.22169533298789856
22.1846904754639,0.22169233108050726
22.0278482437134,0.22171238282572467
21.8588666915894,0.22169325241862323
21.665132522583,0.22171519199318843
21.500491142273,0.22179204430362323
21.32679271698,0.22173655996318842
21.1674222946167,0.22170563864253623
21.0187692642212,0.2217120760186957
20.8537015914917,0.22172182231710147
20.687108039856,0.22170577784811596
20.529257774353,0.22158032603818842
20.3638305664062,0.2216993025956522
20.1803178787231,0.22171822449702902
20.0395803451538,0.22172012282702902
19.873538017273,0.22171613888608696
19.6965703964233,0.22169469305673917
19.5232725143433,0.22169182375355073
19.364185333252,0.2217022867904348
19.2013559341431,0.22151850550304347
19.0379915237427,0.2216301978628986
18.8711614608765,0.2215853885573913
18.7034521102905,0.22162950318304347
18.561900138855,0.22162902178681157
18.3985013961792,0.22159921771391303
18.200249671936,0.22164789551536235
18.0288419723511,0.22162131426369566
17.8697690963745,0.22163146829449276
17.71413230896,0.22157683749644927
17.5522451400757,0.2215956891992754
17.3914461135864,0.22162069046347826
17.2281475067139,0.22163440646934784
17.0377588272095,0.22157997998202897
16.9040966033936,0.22161895911898555
16.7328901290894,0.22163158784630438
16.5723876953125,0.2216421992556522
16.4071340560913,0.2216223365718841
16.2390956878662,0.2216025289931884
16.0792694091797,0.2216100527237681
15.9212398529053,0.22156748076028987
15.755250453949,0.2216285257436957
15.5898814201355,0.2215939853280435
15.4257950782776,0.22163479339992756
15.2622742652893,0.22157497716217392
15.0975294113159,0.22158671095108698
14.9524359703064,0.22158262328217396
14.7697162628174,0.221577204711087
14.6128635406494,0.22155411046652176
14.4552721977234,0.2215672359926087
14.2871136665344,0.2215781153053623
14.1255598068237,0.22159366511434783
13.9634776115417,0.22152602830797102
13.8051781654358,0.22157744052565223
13.6379346847534,0.2216188725074638
13.468376159668,0.2216428446944203
13.3077669143677,0.22161562413992753
13.1526117324829,0.22160897807913046
13.0013575553894,0.22161474840797102
12.8389620780945,0.22156892524775365
12.6943230628967,0.2216162835602174
12.522490978241,0.22157381118760872
12.3569450378418,0.2216058852031884
12.2094302177429,0.22159288288108697
12.0468502044678,0.22157539991724637
11.8781371116638,0.22164772425891308
11.7329559326172,0.22167180146753626
11.5733451843262,0.221606248179058
11.4090776443481,0.22161976249239135
11.2505106925964,0.22163842441528986
11.0839710235596,0.22163591168188404
10.9329752922058,0.22162198123644927
10.7699823379517,0.2216220216332609
10.617823600769,0.22163519096652173
10.4597883224487,0.2216559825801449
10.3030023574829,0.22164788447782613
10.1449179649353,0.22166274467637684
10.0575370788574,0.22161791914224638
10.0028882026672,0.22164390072572465
9.88994884490967,0.2216492204706522
9.76781749725342,0.22163298197028988
9.64482641220093,0.2216334394344928
9.5248532295227,0.22164690470579712
9.39545869827271,0.22165837800782612
9.26866674423218,0.22166184308623194
9.12125158309937,0.22168259211833335
8.92493104934692,0.22164775367536238
8.76930046081543,0.2216534638458696
8.61078405380249,0.22165860240514496
8.43275594711304,0.2216458948876812
8.24955940246582,0.22166702903550725
8.06361389160156,0.22168919280173915
7.88950681686401,0.22165717026876816
7.73309350013733,0.22165139808108694
7.5704460144043,0.2216768982622464
7.40412306785583,0.221701254369058
7.23019886016846,0.22176596081572464
7.05860424041748,0.22168938505268118
6.90302205085754,0.2217248010165942
6.71922516822815,0.2216920916928261
6.54699778556824,0.22179044645840582
6.37879109382629,0.22178688780427536
6.21617889404297,0.2217375302378261
6.04255747795105,0.22174986819710146
5.88130283355713,0.2217421476080435
5.73118925094604,0.22176925837000006
5.57226395606995,0.22178928678572465
5.40650129318237,0.2218362123857971
5.24221181869507,0.22180123927456524
5.09721970558167,0.22178099624311595
5.02062678337097,0.22175075765224642
5.00274229049683,0.22173648772536234
4.99962854385376,0.2217505818456522
4.99956679344177,0.22182279271971017
4.99971294403076,0.22175879292869566
4.99954915046692,0.2217919504966667
4.9997193813324,0.2218242730688406
5.00002026557922,0.22182869563239133
5.00016260147095,0.2218288038548551
5.00047540664673,0.22179535836014494
5.00040078163147,0.22183625474456525
5.00044083595276,0.22180306246326087
5.00081181526184,0.22178193330507248
5.00055980682373,0.22180382354079714
4.99983215332031,0.22180842978072465
4.99917936325073,0.22179719332557973
4.99920058250427,0.22178705806905796
4.99946212768555,0.22172038123195653
5.00013875961304,0.2217825511660145
5.00048804283142,0.22176272208898554
5.00043702125549,0.22175989817702899
5.00041794776916,0.2217883598406522
5.0001585483551,0.22176608026427536
4.99975752830505,0.22181632033485507
4.99970364570618,0.22181342657746375
4.99991607666016,0.22179049719144928
5.00008463859558,0.22180982198311597
5.00008964538574,0.22183267815014493
5.00005459785461,0.2218218369836232
5.00017952919006,0.22179482648311594
5.00003433227539,0.22180828790521742
4.9999213218689,0.22179215188731885
